-- MySQL Script generated by MySQL Workbench
-- Mon Mar  3 10:26:20 2025
-- Model: New Model    Version: 1.0
-- MySQL Workbench Forward Engineering

SET @OLD_UNIQUE_CHECKS=@@UNIQUE_CHECKS, UNIQUE_CHECKS=0;
SET @OLD_FOREIGN_KEY_CHECKS=@@FOREIGN_KEY_CHECKS, FOREIGN_KEY_CHECKS=0;
SET @OLD_SQL_MODE=@@SQL_MODE, SQL_MODE='ONLY_FULL_GROUP_BY,STRICT_TRANS_TABLES,NO_ZERO_IN_DATE,NO_ZERO_DATE,ERROR_FOR_DIVISION_BY_ZERO,NO_ENGINE_SUBSTITUTION';

-- -----------------------------------------------------
-- Schema Inscripciones
-- -----------------------------------------------------
DROP SCHEMA IF EXISTS `Inscripciones` ;

-- -----------------------------------------------------
-- Schema Inscripciones
-- -----------------------------------------------------
CREATE SCHEMA IF NOT EXISTS `Inscripciones` DEFAULT CHARACTER SET utf8mb4 COLLATE utf8mb4_0900_ai_ci ;
USE `Inscripciones` ;

-- -----------------------------------------------------
-- Table `Inscripciones`.`paises`
-- -----------------------------------------------------
CREATE TABLE IF NOT EXISTS `Inscripciones`.`paises` (
  `idPais` INT NOT NULL AUTO_INCREMENT,
  `estatus` VARCHAR(100) NOT NULL,
  `nombrePais` VARCHAR(100) NOT NULL,
  PRIMARY KEY (`idPais`))
ENGINE = InnoDB
AUTO_INCREMENT = 0
DEFAULT CHARACTER SET = utf8mb3;


-- -----------------------------------------------------
-- Table `Inscripciones`.`estados`
-- -----------------------------------------------------
CREATE TABLE IF NOT EXISTS `Inscripciones`.`estados` (
  `idEstado` INT NOT NULL AUTO_INCREMENT,
  `nombreEstado` VARCHAR(100) NOT NULL,
  `paises_idPais` INT NULL DEFAULT NULL,
  PRIMARY KEY (`idEstado`),
  CONSTRAINT `fk_estados_paises1`
    FOREIGN KEY (`paises_idPais`)
    REFERENCES `Inscripciones`.`paises` (`idPais`)
    ON DELETE SET NULL)
ENGINE = InnoDB
AUTO_INCREMENT = 0
DEFAULT CHARACTER SET = utf8mb3;

CREATE INDEX `fk_estados_paises1_idx` ON `Inscripciones`.`estados` (`paises_idPais` ASC) VISIBLE;


-- -----------------------------------------------------
-- Table `Inscripciones`.`municipios`
-- -----------------------------------------------------
CREATE TABLE IF NOT EXISTS `Inscripciones`.`municipios` (
  `nombreMunicipio` VARCHAR(100) NOT NULL,
  `idMunicipio` INT NOT NULL AUTO_INCREMENT,
  `estados_idEstado` INT NULL DEFAULT NULL,
  PRIMARY KEY (`idMunicipio`),
  CONSTRAINT `fk_municipios_estados1`
    FOREIGN KEY (`estados_idEstado`)
    REFERENCES `Inscripciones`.`estados` (`idEstado`)
    ON DELETE SET NULL)
ENGINE = InnoDB
AUTO_INCREMENT = 0
DEFAULT CHARACTER SET = utf8mb3;

CREATE INDEX `fk_municipios_estados1_idx` ON `Inscripciones`.`municipios` (`estados_idEstado` ASC) VISIBLE;


-- -----------------------------------------------------
-- Table `Inscripciones`.`parroquias`
-- -----------------------------------------------------
CREATE TABLE IF NOT EXISTS `Inscripciones`.`parroquias` (
  `nombreParroquia` VARCHAR(100) NOT NULL,
  `idParroquia` INT NOT NULL AUTO_INCREMENT,
  `municipios_idMunicipio` INT NULL DEFAULT NULL,
  PRIMARY KEY (`idParroquia`),
  CONSTRAINT `fk_parroquias_municipios1`
    FOREIGN KEY (`municipios_idMunicipio`)
    REFERENCES `Inscripciones`.`municipios` (`idMunicipio`)
    ON DELETE SET NULL)
ENGINE = InnoDB
AUTO_INCREMENT = 0
DEFAULT CHARACTER SET = utf8mb3;

CREATE INDEX `fk_parroquias_municipios1_idx` ON `Inscripciones`.`parroquias` (`municipios_idMunicipio` ASC) VISIBLE;


-- -----------------------------------------------------
-- Table `Inscripciones`.`ciudades`
-- -----------------------------------------------------
CREATE TABLE IF NOT EXISTS `Inscripciones`.`ciudades` (
  `idCiudad` INT NOT NULL AUTO_INCREMENT,
  `nombreCiudad` VARCHAR(100) NOT NULL,
  `parroquias_idParroquia` INT NULL DEFAULT NULL,
  PRIMARY KEY (`idCiudad`),
  CONSTRAINT `fk_ciudades_parroquias1`
    FOREIGN KEY (`parroquias_idParroquia`)
    REFERENCES `Inscripciones`.`parroquias` (`idParroquia`)
    ON DELETE SET NULL)
ENGINE = InnoDB
AUTO_INCREMENT = 0
DEFAULT CHARACTER SET = utf8mb3;

CREATE INDEX `fk_ciudades_parroquias1_idx` ON `Inscripciones`.`ciudades` (`parroquias_idParroquia` ASC) VISIBLE;


-- -----------------------------------------------------
-- Table `Inscripciones`.`contacto`
-- -----------------------------------------------------
CREATE TABLE IF NOT EXISTS `Inscripciones`.`contacto` (
  `telefonoPrincipal` VARCHAR(300) NOT NULL,
  `telefonoSecundario` VARCHAR(300) NOT NULL,
  `emailPrincipal` VARCHAR(300) NOT NULL,
  `emailSecundario` VARCHAR(300) NOT NULL,
  `idContacto` INT NOT NULL AUTO_INCREMENT,
  PRIMARY KEY (`idContacto`))
ENGINE = InnoDB
AUTO_INCREMENT = 0
DEFAULT CHARACTER SET = utf8mb3;


-- -----------------------------------------------------
-- Table `Inscripciones`.`personas`
-- -----------------------------------------------------
CREATE TABLE IF NOT EXISTS `Inscripciones`.`personas` (
  `idPersona` INT NOT NULL AUTO_INCREMENT,
  `nombrePersona` VARCHAR(300) NOT NULL,
  `apellidoPersona` VARCHAR(300) NOT NULL,
  `cedulaPersona` VARCHAR(300) NOT NULL,
  `sexoPersona` VARCHAR(300) NOT NULL,
  `fechaNac` VARCHAR(300) NOT NULL,
  `ciudades_idCiudad` INT NULL DEFAULT NULL,
  PRIMARY KEY (`idPersona`),
  CONSTRAINT `fk_personas_ciudades1`
    FOREIGN KEY (`ciudades_idCiudad`)
    REFERENCES `Inscripciones`.`ciudades` (`idCiudad`)
    ON DELETE SET NULL)
ENGINE = InnoDB
AUTO_INCREMENT = 0
DEFAULT CHARACTER SET = utf8mb3;

CREATE UNIQUE INDEX `cedulaPersona` ON `Inscripciones`.`personas` (`cedulaPersona` ASC) VISIBLE;

CREATE INDEX `fk_personas_ciudades1_idx` ON `Inscripciones`.`personas` (`ciudades_idCiudad` ASC) VISIBLE;


-- -----------------------------------------------------
-- Table `Inscripciones`.`representantes`
-- -----------------------------------------------------
CREATE TABLE IF NOT EXISTS `Inscripciones`.`representantes` (
  `estadoCivil` VARCHAR(300) NOT NULL,
  `parentesco` VARCHAR(300) NOT NULL,
  `estatus` VARCHAR(300) NOT NULL,
  `idRepresentante` INT NOT NULL AUTO_INCREMENT,
  `personas_idPersona` INT NULL DEFAULT NULL,
  `contacto_idContacto` INT NULL DEFAULT NULL,
  PRIMARY KEY (`idRepresentante`),
  CONSTRAINT `fk_representantes_contacto1`
    FOREIGN KEY (`contacto_idContacto`)
    REFERENCES `Inscripciones`.`contacto` (`idContacto`)
    ON DELETE SET NULL,
  CONSTRAINT `fk_representantes_personas1`
    FOREIGN KEY (`personas_idPersona`)
    REFERENCES `Inscripciones`.`personas` (`idPersona`)
    ON DELETE SET NULL)
ENGINE = InnoDB
AUTO_INCREMENT = 0
DEFAULT CHARACTER SET = utf8mb3;

CREATE INDEX `fk_representantes_personas1_idx` ON `Inscripciones`.`representantes` (`personas_idPersona` ASC) VISIBLE;

CREATE INDEX `fk_representantes_contacto1_idx` ON `Inscripciones`.`representantes` (`contacto_idContacto` ASC) VISIBLE;


-- -----------------------------------------------------
-- Table `Inscripciones`.`estudiantes`
-- -----------------------------------------------------
CREATE TABLE IF NOT EXISTS `Inscripciones`.`estudiantes` (
  `alergias` VARCHAR(100) NOT NULL,
  `enfermedades` VARCHAR(100) NOT NULL,
  `estatura` VARCHAR(300) NOT NULL,
  `peso` VARCHAR(300) NOT NULL,
  `tallaCalzado` VARCHAR(300) NOT NULL,
  `tallaPantalon` VARCHAR(300) NOT NULL,
  `estatus` VARCHAR(300) NOT NULL,
  `idEstudiante` INT NOT NULL AUTO_INCREMENT,
  `personas_idPersona` INT NULL DEFAULT NULL,
  `contacto_idContacto` INT NULL DEFAULT NULL,
  `representantes_idRepresentante` INT NULL DEFAULT NULL,
  PRIMARY KEY (`idEstudiante`),
  CONSTRAINT `fk_estudiantes_contacto1`
    FOREIGN KEY (`contacto_idContacto`)
    REFERENCES `Inscripciones`.`contacto` (`idContacto`)
    ON DELETE SET NULL,
  CONSTRAINT `fk_estudiantes_personas1`
    FOREIGN KEY (`personas_idPersona`)
    REFERENCES `Inscripciones`.`personas` (`idPersona`)
    ON DELETE SET NULL,
  CONSTRAINT `fk_estudiantes_representantes1`
    FOREIGN KEY (`representantes_idRepresentante`)
    REFERENCES `Inscripciones`.`representantes` (`idRepresentante`)
    ON DELETE SET NULL)
ENGINE = InnoDB
AUTO_INCREMENT = 0
DEFAULT CHARACTER SET = utf8mb3;

CREATE INDEX `fk_estudiantes_personas1_idx` ON `Inscripciones`.`estudiantes` (`personas_idPersona` ASC) VISIBLE;

CREATE INDEX `fk_estudiantes_contacto1_idx` ON `Inscripciones`.`estudiantes` (`contacto_idContacto` ASC) VISIBLE;

CREATE INDEX `fk_estudiantes_representantes1_idx` ON `Inscripciones`.`estudiantes` (`representantes_idRepresentante` ASC) VISIBLE;


-- -----------------------------------------------------
-- Table `Inscripciones`.`inscripciones`
-- -----------------------------------------------------
CREATE TABLE IF NOT EXISTS `Inscripciones`.`inscripciones` (
  `idInscripcion` INT NOT NULL AUTO_INCREMENT,
  `calificaciones` VARCHAR(100) NOT NULL,
  `fechaInscripcion` VARCHAR(100) NOT NULL,
  `representantes_idRepresentante` INT NULL DEFAULT NULL,
  `estudiantes_idEstudiante` INT NULL DEFAULT NULL,
  `rango` VARCHAR(45) NOT NULL,
  `grado` VARCHAR(45) NOT NULL DEFAULT 'Desconocido',
  PRIMARY KEY (`idInscripcion`),
  CONSTRAINT `fk_inscripciones_estudiantes1`
    FOREIGN KEY (`estudiantes_idEstudiante`)
    REFERENCES `Inscripciones`.`estudiantes` (`idEstudiante`)
    ON DELETE SET NULL,
  CONSTRAINT `fk_inscripciones_representantes1`
    FOREIGN KEY (`representantes_idRepresentante`)
    REFERENCES `Inscripciones`.`representantes` (`idRepresentante`)
    ON DELETE SET NULL)
ENGINE = InnoDB
AUTO_INCREMENT = 0
DEFAULT CHARACTER SET = utf8mb3;

CREATE INDEX `fk_inscripciones_representantes1_idx` ON `Inscripciones`.`inscripciones` (`representantes_idRepresentante` ASC) VISIBLE;

CREATE INDEX `fk_inscripciones_estudiantes1_idx` ON `Inscripciones`.`inscripciones` (`estudiantes_idEstudiante` ASC) VISIBLE;


-- -----------------------------------------------------
-- Table `Inscripciones`.`maestros`
-- -----------------------------------------------------
CREATE TABLE IF NOT EXISTS `Inscripciones`.`maestros` (
  `estadoCivil` VARCHAR(300) NOT NULL,
  `cargoActual` VARCHAR(300) NOT NULL,
  `idMaestro` INT NOT NULL AUTO_INCREMENT,
  `personas_idPersona` INT NULL DEFAULT NULL,
  `contacto_idContacto` INT NULL DEFAULT NULL,
  PRIMARY KEY (`idMaestro`),
  CONSTRAINT `fk_maestros_contacto1`
    FOREIGN KEY (`contacto_idContacto`)
    REFERENCES `Inscripciones`.`contacto` (`idContacto`)
    ON DELETE SET NULL,
  CONSTRAINT `fk_maestros_personas1`
    FOREIGN KEY (`personas_idPersona`)
    REFERENCES `Inscripciones`.`personas` (`idPersona`)
    ON DELETE SET NULL)
ENGINE = InnoDB
AUTO_INCREMENT = 0
DEFAULT CHARACTER SET = utf8mb3;

CREATE INDEX `fk_maestros_personas1_idx` ON `Inscripciones`.`maestros` (`personas_idPersona` ASC) VISIBLE;

CREATE INDEX `fk_maestros_contacto1_idx` ON `Inscripciones`.`maestros` (`contacto_idContacto` ASC) VISIBLE;


SET SQL_MODE=@OLD_SQL_MODE;
SET FOREIGN_KEY_CHECKS=@OLD_FOREIGN_KEY_CHECKS;
SET UNIQUE_CHECKS=@OLD_UNIQUE_CHECKS;

USE inscripciones;

INSERT INTO Paises (nombrePais, estatus) VALUES ('Venezuela', 'Activo');
INSERT INTO Estados (nombreEstado,paises_idPais) VALUES ('Nueva Esparta',1);
INSERT INTO Municipios (idMunicipio,estados_idEstado, nombreMunicipio) VALUES (1, 1 , 'Municipio Antolín del Campo');
INSERT INTO Parroquias (idParroquia, municipios_idMunicipio, nombreParroquia) VALUES (1, 1 , 'Parroquia Antolín del Campo');
INSERT INTO Ciudades (idCiudad, parroquias_idParroquia, nombreCiudad) VALUES (1, 1 , 'Ciudad La Plaza de Paraguachí');
INSERT INTO Ciudades (idCiudad, parroquias_idParroquia, nombreCiudad) VALUES (2, 1 , 'Ciudad El Cardón');
INSERT INTO Ciudades (idCiudad, parroquias_idParroquia, nombreCiudad) VALUES (3, 1 , 'Ciudad El Salado');
INSERT INTO Municipios (idMunicipio,estados_idEstado, nombreMunicipio) VALUES (2, 1 , 'Municipio Arismendi');
INSERT INTO Parroquias (idParroquia, municipios_idMunicipio, nombreParroquia) VALUES (2, 2 , 'Parroquia Arismendi');
INSERT INTO Ciudades (idCiudad, parroquias_idParroquia, nombreCiudad) VALUES (4, 2 , 'Ciudad La Asunción');
INSERT INTO Ciudades (idCiudad, parroquias_idParroquia, nombreCiudad) VALUES (5, 2 , 'Ciudad Atamo');
INSERT INTO Ciudades (idCiudad, parroquias_idParroquia, nombreCiudad) VALUES (6, 2 , 'Ciudad Atamo Sur.');
INSERT INTO Municipios (idMunicipio,estados_idEstado, nombreMunicipio) VALUES (3, 1 , 'Municipio Díaz');
INSERT INTO Parroquias (idParroquia, municipios_idMunicipio, nombreParroquia) VALUES (3, 3 , 'Parroquia San Juan Bautista');
INSERT INTO Ciudades (idCiudad, parroquias_idParroquia, nombreCiudad) VALUES (7, 3 , 'Ciudad San Juan Bautista');
INSERT INTO Ciudades (idCiudad, parroquias_idParroquia, nombreCiudad) VALUES (8, 3 , 'Ciudad Boquerón');
INSERT INTO Ciudades (idCiudad, parroquias_idParroquia, nombreCiudad) VALUES (9, 3 , 'Ciudad El Macho');
INSERT INTO Parroquias (idParroquia, municipios_idMunicipio, nombreParroquia) VALUES (4, 3 , 'Parroquia Zabala');
INSERT INTO Ciudades (idCiudad, parroquias_idParroquia, nombreCiudad) VALUES (10, 4 , 'Ciudad Zabala');
INSERT INTO Ciudades (idCiudad, parroquias_idParroquia, nombreCiudad) VALUES (11, 4 , 'Ciudad El Hatico');
INSERT INTO Ciudades (idCiudad, parroquias_idParroquia, nombreCiudad) VALUES (12, 4 , 'Ciudad El Dátil.');
INSERT INTO Municipios (idMunicipio,estados_idEstado, nombreMunicipio) VALUES (4, 1 , 'Municipio García');
INSERT INTO Parroquias (idParroquia, municipios_idMunicipio, nombreParroquia) VALUES (5, 4 , 'Parroquia García');
INSERT INTO Ciudades (idCiudad, parroquias_idParroquia, nombreCiudad) VALUES (13, 5 , 'Ciudad El Valle del Espíritu Santo');
INSERT INTO Parroquias (idParroquia, municipios_idMunicipio, nombreParroquia) VALUES (6, 4 , 'Parroquia Francisco Fajardo');
INSERT INTO Ciudades (idCiudad, parroquias_idParroquia, nombreCiudad) VALUES (14, 6 , 'Ciudad La Asuncion');
INSERT INTO Ciudades (idCiudad, parroquias_idParroquia, nombreCiudad) VALUES (15, 6 , 'Ciudad La Sierra');
INSERT INTO Municipios (idMunicipio,estados_idEstado, nombreMunicipio) VALUES (5, 1 , 'Municipio Gómez');
INSERT INTO Parroquias (idParroquia, municipios_idMunicipio, nombreParroquia) VALUES (7, 5 , 'Parroquia Sucre');
INSERT INTO Ciudades (idCiudad, parroquias_idParroquia, nombreCiudad) VALUES (16, 7 , 'Ciudad El Maco');
INSERT INTO Ciudades (idCiudad, parroquias_idParroquia, nombreCiudad) VALUES (17, 7 , 'Ciudad La Guardia');
INSERT INTO Ciudades (idCiudad, parroquias_idParroquia, nombreCiudad) VALUES (18, 7 , 'Ciudad Altagracia');
INSERT INTO Parroquias (idParroquia, municipios_idMunicipio, nombreParroquia) VALUES (8, 5 , 'Parroquia Matasiete');
INSERT INTO Ciudades (idCiudad, parroquias_idParroquia, nombreCiudad) VALUES (19, 8 , 'Ciudad Tacarigua');
INSERT INTO Ciudades (idCiudad, parroquias_idParroquia, nombreCiudad) VALUES (20, 8 , 'Ciudad Pedro González');
INSERT INTO Ciudades (idCiudad, parroquias_idParroquia, nombreCiudad) VALUES (21, 8 , 'Ciudad El Cercado.');
INSERT INTO Parroquias (idParroquia, municipios_idMunicipio, nombreParroquia) VALUES (9, 5 , 'Parroquia Bolívar');
INSERT INTO Ciudades (idCiudad, parroquias_idParroquia, nombreCiudad) VALUES (22, 9 , 'Ciudad Santa Ana');
INSERT INTO Ciudades (idCiudad, parroquias_idParroquia, nombreCiudad) VALUES (23, 9 , 'Ciudad El Cercado');
INSERT INTO Ciudades (idCiudad, parroquias_idParroquia, nombreCiudad) VALUES (24, 9 , 'Ciudad El Maco');
INSERT INTO Municipios (idMunicipio,estados_idEstado, nombreMunicipio) VALUES (6, 1 , 'Municipio Maneiro');
INSERT INTO Parroquias (idParroquia, municipios_idMunicipio, nombreParroquia) VALUES (10, 6 , 'Parroquia Aguirre');
INSERT INTO Ciudades (idCiudad, parroquias_idParroquia, nombreCiudad) VALUES (25, 10 , 'Ciudad Los Robles');
INSERT INTO Parroquias (idParroquia, municipios_idMunicipio, nombreParroquia) VALUES (11, 6 , 'Parroquia Maneiro');
INSERT INTO Ciudades (idCiudad, parroquias_idParroquia, nombreCiudad) VALUES (26, 11 , 'Ciudad Maneiro');
INSERT INTO Ciudades (idCiudad, parroquias_idParroquia, nombreCiudad) VALUES (27, 11 , 'Ciudad Pampatar');
INSERT INTO Municipios (idMunicipio,estados_idEstado, nombreMunicipio) VALUES (7, 1 , 'Municipio Marcano');
INSERT INTO Parroquias (idParroquia, municipios_idMunicipio, nombreParroquia) VALUES (12, 7 , 'Parroquia Juan Griego');
INSERT INTO Ciudades (idCiudad, parroquias_idParroquia, nombreCiudad) VALUES (28, 12 , 'Ciudad Juan Griego');
INSERT INTO Ciudades (idCiudad, parroquias_idParroquia, nombreCiudad) VALUES (29, 12 , 'Ciudad Pedregales');
INSERT INTO Ciudades (idCiudad, parroquias_idParroquia, nombreCiudad) VALUES (30, 12 , 'Ciudad Las Cabreras');
INSERT INTO Ciudades (idCiudad, parroquias_idParroquia, nombreCiudad) VALUES (31, 12 , 'Ciudad Los Millanes');
INSERT INTO Municipios (idMunicipio,estados_idEstado, nombreMunicipio) VALUES (8, 1 , 'Municipio Mariño');
INSERT INTO Parroquias (idParroquia, municipios_idMunicipio, nombreParroquia) VALUES (13, 8 , 'Parroquia Mariño');
INSERT INTO Ciudades (idCiudad, parroquias_idParroquia, nombreCiudad) VALUES (32, 13 , 'Ciudad Porlamar');
INSERT INTO Ciudades (idCiudad, parroquias_idParroquia, nombreCiudad) VALUES (33, 13 , 'Ciudad Bella Vista.');
INSERT INTO Municipios (idMunicipio,estados_idEstado, nombreMunicipio) VALUES (9, 1 , 'Municipio Península de Macanao');
INSERT INTO Parroquias (idParroquia, municipios_idMunicipio, nombreParroquia) VALUES (14, 9 , 'Parroquia Boca de Río');
INSERT INTO Ciudades (idCiudad, parroquias_idParroquia, nombreCiudad) VALUES (34, 14 , 'Ciudad Boca de Río');
INSERT INTO Ciudades (idCiudad, parroquias_idParroquia, nombreCiudad) VALUES (35, 14 , 'Ciudad El Junquito');
INSERT INTO Parroquias (idParroquia, municipios_idMunicipio, nombreParroquia) VALUES (15, 9 , 'Parroquia San Francisco de Macanao');
INSERT INTO Ciudades (idCiudad, parroquias_idParroquia, nombreCiudad) VALUES (36, 15 , 'Ciudad El Maguey');
INSERT INTO Municipios (idMunicipio,estados_idEstado, nombreMunicipio) VALUES (10, 1 , 'Municipio Tubores');
INSERT INTO Parroquias (idParroquia, municipios_idMunicipio, nombreParroquia) VALUES (16, 10 , 'Parroquia Punta de Piedras');
INSERT INTO Ciudades (idCiudad, parroquias_idParroquia, nombreCiudad) VALUES (37, 16 , 'Ciudad Punta de Piedras');
INSERT INTO Ciudades (idCiudad, parroquias_idParroquia, nombreCiudad) VALUES (38, 16 , 'Ciudad Punta Arena');
INSERT INTO Ciudades (idCiudad, parroquias_idParroquia, nombreCiudad) VALUES (39, 16 , 'Ciudad La Blanquilla');
INSERT INTO Parroquias (idParroquia, municipios_idMunicipio, nombreParroquia) VALUES (17, 10 , 'Parroquia Los Barales');
INSERT INTO Ciudades (idCiudad, parroquias_idParroquia, nombreCiudad) VALUES (40, 17 , 'Ciudad El Guamache');
INSERT INTO Ciudades (idCiudad, parroquias_idParroquia, nombreCiudad) VALUES (41, 17 , 'Ciudad Punta de Mangle');
INSERT INTO Ciudades (idCiudad, parroquias_idParroquia, nombreCiudad) VALUES (42, 17 , 'Ciudad Los Barales');
INSERT INTO Municipios (idMunicipio,estados_idEstado, nombreMunicipio) VALUES (11, 1 , 'Municipio Villalba');
INSERT INTO Parroquias (idParroquia, municipios_idMunicipio, nombreParroquia) VALUES (18, 11 , 'Parroquia San Pedro de Coche');
INSERT INTO Ciudades (idCiudad, parroquias_idParroquia, nombreCiudad) VALUES (43, 18 , 'Ciudad San Pedro de Coche');
INSERT INTO Ciudades (idCiudad, parroquias_idParroquia, nombreCiudad) VALUES (44, 18 , 'Ciudad Las Lapas');
INSERT INTO Ciudades (idCiudad, parroquias_idParroquia, nombreCiudad) VALUES (45, 18 , 'Ciudad El Rincón');
INSERT INTO Parroquias (idParroquia, municipios_idMunicipio, nombreParroquia) VALUES (19, 11 , 'Parroquia Vicente Fuentes');
INSERT INTO Ciudades (idCiudad, parroquias_idParroquia, nombreCiudad) VALUES (46, 19 , 'Ciudad Güinima');
INSERT INTO Ciudades (idCiudad, parroquias_idParroquia, nombreCiudad) VALUES (47, 19 , 'Ciudad Guamache');
INSERT INTO Ciudades (idCiudad, parroquias_idParroquia, nombreCiudad) VALUES (48, 19 , 'Ciudad Zulica');